<?xml version="1.0" encoding="UTF-8"?>
<project-private xmlns="http://www.netbeans.org/ns/project-private/1">
    <editor-bookmarks xmlns="http://www.netbeans.org/ns/editor-bookmarks/2" lastBookmarkId="0"/>
    <open-files xmlns="http://www.netbeans.org/ns/projectui-open-files/2">
        <group>
            <file>file:/home/nhan-kute/NetBeansProjects/MultiediaProject/src/multiediaproject/MainFrame.java</file>
            <file>file:/home/nhan-kute/NetBeansProjects/MultiediaProject/src/multiediaproject/ResultCompressText.java</file>
            <file>file:/home/nhan-kute/NetBeansProjects/MultiediaProject/src/multiediaproject/ShannonFano.java</file>
        </group>
    </open-files>
</project-private>
